{
    "notes": "Configuration save file for current engraving session",
    "mapping_work": [
        200.006,
        150.558,
        26.976
    ],
    "mapping_lath": [
        200.503,
        152.805,
        25.996
    ],
    "islath": false,
    "wPos_home": [
        0,
        115,
        15
    ],
    "finish_wPos": [
        -0.0,
        115.001,
        15.0
    ],
    "beddim": [
        100.0,
        50.0
    ],
    "year": "25",
    "plate_counter": [
        47,
        66,
        43,
        3
    ],
    "avg_vars": [
        140.930299727479,
        116.7384381392512,
        50.0
    ],
    "avg_n": 2,
    "sum_vars": [
        27851.172516436534,
        233.4768762785024,
        11742.862457090745,
        33441.947508640726,
        100,
        5008,
        14155.38777413033
    ]
}